<?xml version="1.0" encoding="UTF-8"?>
<project-private xmlns="http://www.netbeans.org/ns/project-private/1">
    <editor-bookmarks xmlns="http://www.netbeans.org/ns/editor-bookmarks/2" lastBookmarkId="0"/>
    <open-files xmlns="http://www.netbeans.org/ns/projectui-open-files/2">
        <group>
            <file>file:/C:/Users/Ankur/Documents/NetBeansProjects/Server_Client_Monitoring_System/src/ServerHome.java</file>
            <file>file:/C:/Users/Ankur/Documents/NetBeansProjects/Server_Client_Monitoring_System/src/ClientSideForm.java</file>
            <file>file:/C:/Users/Ankur/Documents/NetBeansProjects/Server_Client_Monitoring_System/src/ClientHome.java</file>
            <file>file:/C:/Users/Ankur/Documents/NetBeansProjects/Server_Client_Monitoring_System/src/ServersSideForm.java</file>
            <file>file:/C:/Users/Ankur/Documents/NetBeansProjects/Server_Client_Monitoring_System/src/Home.java</file>
        </group>
    </open-files>
</project-private>
